January 01 1970 08:03:52,26.20,73.00
January 01 1970 08:03:55,26.20,73.00
January 01 1970 08:03:58,26.20,73.00
January 01 1970 08:04:01,26.20,73.00
January 01 1970 08:04:04,26.20,72.00
January 01 1970 08:04:07,26.20,72.00
January 01 1970 08:04:10,26.20,72.00
January 01 1970 08:04:13,26.20,72.00
January 01 1970 08:04:16,26.20,72.00
January 01 1970 08:04:19,26.20,72.00
January 01 1970 08:04:23,26.20,72.00
January 01 1970 08:04:26,26.20,71.00
January 01 1970 08:04:29,26.20,71.00
January 01 1970 08:04:32,26.20,71.00
January 01 1970 08:04:35,26.20,71.00
January 01 1970 08:04:38,26.20,71.00
January 01 1970 08:04:41,26.20,71.00
January 01 1970 08:04:44,26.20,71.00
January 01 1970 08:04:47,26.20,71.00
January 01 1970 08:04:50,26.20,71.00
January 01 1970 08:04:53,26.20,71.00
January 01 1970 08:04:56,26.20,71.00
January 01 1970 08:04:59,26.20,71.00
January 01 1970 08:05:02,26.20,71.00
January 01 1970 08:05:05,26.20,71.00
January 01 1970 08:05:08,26.20,71.00
January 01 1970 08:05:11,26.20,71.00
January 01 1970 08:05:14,26.20,71.00
January 01 1970 08:05:17,26.20,71.00
January 01 1970 08:05:20,26.20,71.00
January 01 1970 08:05:23,26.20,71.00
January 01 1970 08:05:26,26.20,71.00
January 01 1970 08:05:29,26.20,71.00
January 01 1970 08:05:32,26.20,71.00
January 01 1970 08:05:35,26.20,71.00
January 01 1970 08:05:38,26.20,71.00
January 01 1970 08:05:41,26.20,71.00
January 01 1970 08:05:44,26.20,71.00
January 01 1970 08:05:47,26.20,72.00
January 01 1970 08:05:50,26.20,72.00
January 01 1970 08:05:53,26.20,72.00
January 01 1970 08:05:57,26.20,72.00
January 01 1970 08:06:00,26.20,72.00
January 01 1970 08:06:03,26.20,72.00
January 01 1970 08:06:06,26.20,72.00
January 01 1970 08:06:09,26.20,72.00
January 01 1970 08:06:12,26.20,72.00
January 01 1970 08:06:15,26.20,72.00
January 01 1970 08:06:18,26.20,72.00
January 01 1970 08:06:21,26.20,72.00
January 01 1970 08:06:24,26.20,72.00
January 01 1970 08:06:27,26.20,72.00
January 01 1970 08:06:30,26.20,72.00
January 01 1970 08:06:33,26.20,73.00
January 01 1970 08:06:36,26.20,72.00
January 01 1970 08:06:39,26.20,72.00
January 01 1970 08:06:42,26.20,72.00
January 01 1970 08:06:45,26.20,72.00
January 01 1970 08:06:48,26.20,72.00
January 01 1970 08:06:51,26.20,72.00
January 01 1970 08:06:54,26.20,72.00
January 01 1970 08:06:57,26.20,72.00
January 01 1970 08:07:00,26.20,72.00
January 01 1970 08:07:03,26.20,72.00
January 01 1970 08:07:06,26.20,72.00
January 01 1970 08:07:09,26.20,72.00
January 01 1970 08:07:12,26.20,72.00
January 01 1970 08:07:15,26.20,72.00
January 01 1970 08:07:18,26.20,72.00
January 01 1970 08:07:21,26.20,72.00
January 01 1970 08:07:24,26.20,72.00
January 01 1970 08:07:27,26.20,72.00
January 01 1970 08:07:31,26.20,72.00
January 01 1970 08:07:34,26.20,72.00
January 01 1970 08:07:37,26.20,72.00
January 01 1970 08:07:40,26.20,72.00
January 01 1970 08:07:43,26.20,72.00
January 01 1970 08:07:46,26.20,72.00
January 01 1970 08:07:49,26.20,72.00
January 01 1970 08:07:52,26.20,72.00
January 01 1970 08:07:55,26.20,72.00
January 01 1970 08:07:58,26.20,72.00
January 01 1970 08:08:01,26.20,72.00
January 01 1970 08:08:04,26.20,72.00
January 01 1970 08:08:07,26.20,72.00
January 01 1970 08:08:10,26.20,72.00
January 01 1970 08:08:13,26.20,72.00
January 01 1970 08:08:16,26.20,72.00
January 01 1970 08:08:19,26.20,72.00
January 01 1970 08:08:22,26.20,72.00
January 01 1970 08:08:25,26.20,72.00
January 01 1970 08:08:28,26.20,72.00
January 01 1970 08:08:31,26.20,72.00
January 01 1970 08:08:34,26.20,72.00
January 01 1970 08:08:37,26.20,72.00
January 01 1970 08:08:40,26.20,72.00
January 01 1970 08:08:43,26.20,72.00
January 01 1970 08:08:46,26.20,72.00
January 01 1970 08:08:49,26.20,73.00
January 01 1970 08:08:52,26.20,73.00
January 01 1970 08:08:55,26.20,73.00
January 01 1970 08:08:58,26.20,73.00
January 01 1970 08:09:01,26.20,73.00
January 01 1970 08:09:05,26.20,73.00
January 01 1970 08:09:08,26.20,73.00
January 01 1970 08:09:11,26.20,73.00
January 01 1970 08:09:14,26.20,73.00
January 01 1970 08:09:17,26.20,73.00
January 01 1970 08:09:20,26.20,73.00
January 01 1970 08:09:23,26.20,73.00
January 01 1970 08:09:26,26.20,72.00
January 01 1970 08:09:29,26.20,72.00
January 01 1970 08:09:32,26.20,72.00
January 01 1970 08:09:35,26.20,72.00
January 01 1970 08:09:38,26.20,72.00
January 01 1970 08:09:41,26.20,72.00
January 01 1970 08:09:44,26.20,72.00
January 01 1970 08:09:47,26.20,72.00
January 01 1970 08:09:50,26.20,72.00
January 01 1970 08:09:53,26.20,72.00
January 01 1970 08:09:56,26.20,72.00
January 01 1970 08:09:59,26.20,72.00
January 01 1970 08:10:02,26.20,72.00
January 01 1970 08:10:05,26.20,72.00
January 01 1970 08:10:08,26.20,72.00
January 01 1970 08:10:11,26.20,72.00
January 01 1970 08:10:14,26.20,72.00
January 01 1970 08:10:17,26.20,72.00
January 01 1970 08:10:20,26.20,73.00
January 01 1970 08:10:23,26.20,73.00
January 01 1970 08:10:26,26.20,73.00
January 01 1970 08:10:29,26.20,73.00
January 01 1970 08:10:32,26.20,72.00
January 01 1970 08:10:35,26.20,72.00
January 01 1970 08:10:39,26.20,72.00
January 01 1970 08:10:42,26.20,72.00
January 01 1970 08:10:45,26.20,72.00
January 01 1970 08:10:48,26.20,72.00
January 01 1970 08:10:51,26.20,72.00
January 01 1970 08:10:54,26.20,72.00
January 01 1970 08:10:57,26.20,72.00
January 01 1970 08:11:00,26.20,72.00
January 01 1970 08:11:03,26.20,72.00
January 01 1970 08:11:06,26.20,72.00
January 01 1970 08:11:09,26.20,72.00
January 01 1970 08:11:12,26.20,72.00
January 01 1970 08:11:15,26.20,72.00
January 01 1970 08:11:18,26.20,72.00
January 01 1970 08:11:21,26.20,72.00
January 01 1970 08:11:24,26.20,72.00
January 01 1970 08:11:27,26.20,72.00
January 01 1970 08:11:30,26.20,72.00
January 01 1970 08:11:33,26.20,72.00
January 01 1970 08:11:36,26.20,72.00
January 01 1970 08:11:39,26.20,72.00
January 01 1970 08:11:42,26.20,72.00
January 01 1970 08:11:45,26.20,72.00
January 01 1970 08:11:48,26.20,72.00
January 01 1970 08:11:51,26.20,72.00
January 01 1970 08:11:54,26.20,72.00
January 01 1970 08:11:57,26.20,72.00
January 01 1970 08:12:00,26.20,72.00
January 01 1970 08:12:03,26.20,72.00
January 01 1970 08:12:06,26.20,72.00
January 01 1970 08:12:09,26.20,72.00
January 01 1970 08:12:13,26.20,72.00
January 01 1970 08:12:16,26.70,89.00
January 01 1970 08:12:19,27.80,96.00
January 01 1970 08:12:22,28.50,98.00
January 01 1970 08:12:25,28.90,98.00
January 01 1970 08:12:28,29.40,98.00
January 01 1970 08:12:31,29.80,98.00
January 01 1970 08:12:34,30.80,98.00
January 01 1970 08:12:37,31.30,98.00
January 01 1970 08:12:40,32.30,98.00
January 01 1970 08:12:43,32.30,98.00
January 01 1970 08:12:46,32.30,98.00
January 01 1970 08:12:49,31.80,98.00
January 01 1970 08:12:52,31.80,98.00
January 01 1970 08:12:55,31.30,98.00
January 01 1970 08:12:58,30.80,98.00
January 01 1970 08:13:01,30.80,98.00
January 01 1970 08:13:04,30.20,98.00
January 01 1970 08:13:07,29.80,98.00
January 01 1970 08:13:10,29.80,98.00
January 01 1970 08:13:13,29.30,98.00
January 01 1970 08:13:16,29.30,98.00
January 01 1970 08:13:19,28.90,98.00
January 01 1970 08:13:22,28.90,98.00
January 01 1970 08:13:25,28.50,96.00
January 01 1970 08:13:28,28.50,95.00
January 01 1970 08:13:31,28.00,95.00
January 01 1970 08:13:34,28.00,94.00
January 01 1970 08:13:37,27.60,94.00
January 01 1970 08:13:40,27.60,93.00
January 01 1970 08:13:43,27.60,92.00
January 01 1970 08:13:47,27.10,90.00
January 01 1970 08:13:50,27.10,88.00
January 01 1970 08:13:53,27.10,87.00
January 01 1970 08:13:56,27.10,85.00
January 01 1970 08:13:59,27.10,85.00
January 01 1970 08:14:02,26.70,85.00
January 01 1970 08:14:05,26.70,83.00
January 01 1970 08:14:08,26.70,81.00
January 01 1970 08:14:11,26.70,81.00
January 01 1970 08:14:14,26.70,80.00
January 01 1970 08:14:17,26.70,80.00
January 01 1970 08:14:20,26.70,79.00
January 01 1970 08:14:23,26.70,79.00
January 01 1970 08:14:26,26.70,79.00
January 01 1970 08:14:29,26.40,78.00
January 01 1970 08:14:32,26.20,78.00
January 01 1970 08:14:35,26.20,77.00
January 01 1970 08:14:38,26.20,77.00
January 01 1970 08:14:41,26.20,77.00
January 01 1970 08:14:44,26.20,77.00
January 01 1970 08:14:47,26.20,77.00
January 01 1970 08:14:50,26.20,76.00
January 01 1970 08:14:53,26.20,76.00
January 01 1970 08:14:56,26.20,75.00
January 01 1970 08:14:59,26.20,75.00
January 01 1970 08:15:02,26.20,75.00
January 01 1970 08:15:05,26.20,75.00
January 01 1970 08:15:08,26.20,75.00
January 01 1970 08:15:11,26.20,75.00
January 01 1970 08:15:14,26.20,75.00
January 01 1970 08:15:17,26.20,75.00
January 01 1970 08:15:21,26.20,74.00
January 01 1970 08:15:24,26.20,74.00
January 01 1970 08:15:27,26.20,74.00
January 01 1970 08:15:30,26.20,74.00
January 01 1970 08:15:33,26.20,74.00
January 01 1970 08:15:36,26.20,74.00
January 01 1970 08:15:39,26.20,74.00
January 01 1970 08:15:42,26.00,73.00
January 01 1970 08:15:45,25.80,73.00
January 01 1970 08:15:48,25.80,73.00
January 01 1970 08:15:51,25.80,73.00
January 01 1970 08:15:54,25.80,73.00
January 01 1970 08:15:57,25.80,73.00
January 01 1970 08:16:00,25.80,73.00
January 01 1970 08:16:03,25.80,73.00
January 01 1970 08:16:06,25.80,73.00
January 01 1970 08:16:09,25.80,73.00
January 01 1970 08:16:12,25.80,73.00
January 01 1970 08:16:15,25.80,73.00
January 01 1970 08:16:18,25.80,73.00
January 01 1970 08:16:21,25.80,73.00
January 01 1970 08:16:24,25.80,73.00
January 01 1970 08:16:27,25.80,73.00
January 01 1970 08:16:30,25.80,73.00
January 01 1970 08:16:33,25.80,73.00
January 01 1970 08:16:36,25.80,73.00
January 01 1970 08:16:39,25.80,73.00
January 01 1970 08:16:42,25.80,73.00
January 01 1970 08:16:45,25.80,73.00
January 01 1970 08:16:48,25.80,73.00
January 01 1970 08:16:51,25.80,73.00
January 01 1970 08:16:55,25.80,73.00
January 01 1970 08:16:58,25.80,73.00
January 01 1970 08:17:01,25.80,73.00
January 01 1970 08:17:04,25.80,73.00
January 01 1970 08:17:07,25.80,73.00
January 01 1970 08:17:10,25.80,73.00
January 01 1970 08:17:13,25.80,73.00
January 01 1970 08:17:16,25.80,73.00
January 01 1970 08:17:19,25.80,73.00
January 01 1970 08:17:22,25.80,73.00
January 01 1970 08:17:25,25.80,72.00
January 01 1970 08:17:28,25.80,72.00
January 01 1970 08:17:31,25.80,72.00
January 01 1970 08:17:34,25.80,72.00
January 01 1970 08:17:37,25.80,72.00
January 01 1970 08:17:40,25.80,72.00
January 01 1970 08:17:43,25.80,72.00
January 01 1970 08:17:46,25.80,72.00
January 01 1970 08:17:49,25.80,72.00
January 01 1970 08:17:52,25.80,72.00
January 01 1970 08:17:55,25.80,72.00
January 01 1970 08:17:58,25.80,72.00
January 01 1970 08:18:01,25.80,72.00
January 01 1970 08:18:04,25.80,72.00
January 01 1970 08:18:07,25.80,72.00
January 01 1970 08:18:10,25.80,72.00
January 01 1970 08:18:13,25.80,73.00
January 01 1970 08:18:16,25.80,73.00
January 01 1970 08:18:19,25.80,73.00
January 01 1970 08:18:22,25.80,73.00
January 01 1970 08:18:26,25.80,73.00
January 01 1970 08:18:29,25.80,73.00
January 01 1970 08:18:32,25.80,73.00
January 01 1970 08:18:35,25.80,73.00
January 01 1970 08:18:38,25.80,73.00
January 01 1970 08:18:41,25.80,73.00
January 01 1970 08:18:44,25.80,73.00
January 01 1970 08:18:47,25.80,73.00
January 01 1970 08:18:50,25.80,73.00
January 01 1970 08:18:53,25.80,73.00
January 01 1970 08:18:56,25.80,73.00
January 01 1970 08:18:59,25.80,73.00
January 01 1970 08:19:02,25.80,73.00
January 01 1970 08:19:05,25.80,73.00
January 01 1970 08:19:08,25.80,73.00
January 01 1970 08:19:11,25.80,73.00
January 01 1970 08:19:14,25.80,73.00
January 01 1970 08:19:17,25.80,73.00
January 01 1970 08:19:20,25.80,73.00
January 01 1970 08:19:23,25.80,73.00
January 01 1970 08:19:26,26.00,73.00
January 01 1970 08:19:29,26.20,74.00
January 01 1970 08:19:32,26.20,74.00
January 01 1970 08:19:35,26.20,74.00
January 01 1970 08:19:38,26.20,74.00
January 01 1970 08:19:41,26.20,73.00
January 01 1970 08:19:44,26.20,73.00
January 01 1970 08:19:47,26.20,73.00
January 01 1970 08:19:50,26.20,73.00
January 01 1970 08:19:54,26.20,73.00
January 01 1970 08:19:57,26.20,73.00
January 01 1970 08:20:00,26.20,73.00
January 01 1970 08:20:03,26.20,73.00
January 01 1970 08:20:06,26.20,73.00
January 01 1970 08:20:09,26.20,73.00
January 01 1970 08:20:12,26.20,73.00
January 01 1970 08:20:15,26.20,73.00
January 01 1970 08:20:18,26.20,72.00
January 01 1970 08:20:21,26.20,72.00
January 01 1970 08:20:24,26.20,72.00
January 01 1970 08:20:27,26.20,72.00
January 01 1970 08:20:30,26.20,72.00
January 01 1970 08:20:33,26.20,72.00
January 01 1970 08:20:36,26.20,72.00
January 01 1970 08:20:39,26.20,72.00
January 01 1970 08:20:42,26.00,72.00
January 01 1970 08:20:45,25.80,72.00
January 01 1970 08:20:48,25.80,72.00
January 01 1970 08:20:51,25.80,72.00
January 01 1970 08:20:54,25.80,72.00
January 01 1970 08:20:57,25.80,72.00
January 01 1970 08:21:00,25.80,72.00
January 01 1970 08:21:03,25.80,73.00
January 01 1970 08:21:06,25.80,73.00
January 01 1970 08:21:09,25.80,73.00
January 01 1970 08:21:12,26.00,73.00
January 01 1970 08:21:15,26.20,73.00
January 01 1970 08:21:18,26.20,73.00
January 01 1970 08:21:21,26.20,73.00
January 01 1970 08:21:24,26.20,73.00
January 01 1970 08:21:28,26.20,73.00
January 01 1970 08:21:31,26.20,73.00
January 01 1970 08:21:34,26.20,73.00
January 01 1970 08:21:37,26.20,73.00
January 01 1970 08:21:40,26.20,73.00
January 01 1970 08:21:43,26.20,73.00
January 01 1970 08:21:46,26.20,73.00
January 01 1970 08:21:49,26.20,73.00
January 01 1970 08:21:52,26.20,73.00
January 01 1970 08:21:55,26.20,73.00
January 01 1970 08:21:58,26.20,73.00
January 01 1970 08:22:01,26.20,73.00
January 01 1970 08:22:04,26.20,73.00
January 01 1970 08:22:07,26.20,73.00
January 01 1970 08:22:10,26.20,73.00
January 01 1970 08:22:13,26.20,73.00
January 01 1970 08:22:16,26.20,73.00
January 01 1970 08:22:19,26.20,73.00
January 01 1970 08:22:22,26.20,73.00
January 01 1970 08:22:25,26.20,73.00
January 01 1970 08:22:28,26.20,73.00
January 01 1970 08:22:31,26.20,73.00
January 01 1970 08:22:34,26.20,73.00
January 01 1970 08:22:37,26.20,73.00
January 01 1970 08:22:40,26.20,73.00
January 01 1970 08:22:43,26.20,73.00
January 01 1970 08:22:46,26.20,73.00
January 01 1970 08:22:49,26.20,73.00
January 01 1970 08:22:52,26.20,73.00
January 01 1970 08:22:55,26.20,73.00
January 01 1970 08:22:59,26.20,73.00
January 01 1970 08:23:02,26.20,73.00
January 01 1970 08:23:05,26.20,73.00
January 01 1970 08:23:08,26.20,73.00
January 01 1970 08:23:11,26.20,73.00
January 01 1970 08:23:14,26.20,73.00
January 01 1970 08:23:17,26.20,73.00
January 01 1970 08:23:20,26.20,73.00
January 01 1970 08:23:23,26.20,73.00
January 01 1970 08:23:26,26.20,73.00
January 01 1970 08:23:29,26.20,72.00
January 01 1970 08:23:32,26.20,72.00
January 01 1970 08:23:35,26.20,72.00
January 01 1970 08:23:38,26.20,72.00
January 01 1970 08:23:41,26.20,73.00
January 01 1970 08:23:44,26.20,73.00
January 01 1970 08:23:47,26.20,73.00
January 01 1970 08:23:50,26.20,73.00
January 01 1970 08:23:53,26.20,73.00
January 01 1970 08:23:56,26.20,73.00
January 01 1970 08:23:59,26.20,73.00
January 01 1970 08:24:02,26.20,73.00
January 01 1970 08:24:05,26.20,73.00
January 01 1970 08:24:08,26.20,73.00
January 01 1970 08:24:11,26.20,73.00
January 01 1970 08:24:14,26.20,73.00
January 01 1970 08:24:17,26.20,73.00
January 01 1970 08:24:20,26.20,73.00
January 01 1970 08:24:23,26.20,73.00
January 01 1970 08:24:26,26.20,73.00
January 01 1970 08:24:30,26.20,73.00
January 01 1970 08:24:33,26.20,73.00
January 01 1970 08:24:36,26.20,73.00
January 01 1970 08:24:39,26.20,73.00
January 01 1970 08:24:42,26.20,73.00
January 01 1970 08:24:45,26.20,73.00
January 01 1970 08:24:48,26.20,73.00
January 01 1970 08:24:51,26.20,73.00
January 01 1970 08:24:54,26.20,73.00
January 01 1970 08:24:57,26.20,73.00
January 01 1970 08:25:00,26.20,73.00
January 01 1970 08:25:03,26.20,73.00
January 01 1970 08:25:06,26.20,73.00
January 01 1970 08:25:09,26.20,73.00
January 01 1970 08:25:12,26.20,73.00
January 01 1970 08:25:15,26.20,73.00
January 01 1970 08:25:18,26.20,73.00
January 01 1970 08:25:21,26.20,73.00
January 01 1970 08:25:24,26.20,73.00
January 01 1970 08:25:27,26.20,73.00
January 01 1970 08:25:30,26.30,73.00
January 01 1970 08:25:33,26.40,73.00
January 01 1970 08:25:36,26.60,73.00
January 01 1970 08:25:39,26.70,73.00
January 01 1970 08:25:42,26.70,73.00
January 01 1970 08:25:45,26.70,73.00
January 01 1970 08:25:48,26.70,73.00
January 01 1970 08:25:51,26.70,73.00
January 01 1970 08:25:54,26.70,73.00
January 01 1970 08:25:57,26.70,73.00
January 01 1970 08:26:00,26.70,73.00
January 01 1970 08:26:04,26.70,73.00
January 01 1970 08:26:07,26.70,73.00
January 01 1970 08:26:10,26.70,73.00
January 01 1970 08:26:13,26.70,73.00
January 01 1970 08:26:16,26.70,73.00
January 01 1970 08:26:19,26.70,73.00
January 01 1970 08:26:22,26.70,73.00
January 01 1970 08:26:25,26.70,73.00
January 01 1970 08:26:28,26.70,73.00
January 01 1970 08:26:31,26.70,73.00
January 01 1970 08:26:34,26.70,73.00
January 01 1970 08:26:37,26.70,73.00
January 01 1970 08:26:40,26.70,73.00
January 01 1970 08:26:43,26.70,73.00
January 01 1970 08:26:46,26.70,73.00
January 01 1970 08:26:49,26.70,73.00
January 01 1970 08:26:52,26.70,73.00
January 01 1970 08:26:55,26.70,73.00
January 01 1970 08:26:58,26.70,73.00
January 01 1970 08:27:01,26.70,73.00
January 01 1970 08:27:04,26.70,73.00
January 01 1970 08:27:07,26.70,73.00
January 01 1970 08:27:10,26.70,73.00
January 01 1970 08:27:13,26.70,73.00
January 01 1970 08:27:16,26.70,73.00
January 01 1970 08:27:19,26.70,73.00
January 01 1970 08:27:22,26.70,73.00
January 01 1970 08:27:25,26.70,73.00
January 01 1970 08:27:28,26.70,73.00
January 01 1970 08:27:31,26.70,73.00
January 01 1970 08:27:35,26.70,73.00
January 01 1970 08:27:38,26.70,73.00
January 01 1970 08:27:41,26.70,73.00
January 01 1970 08:27:44,26.70,73.00
January 01 1970 08:27:47,26.70,73.00
January 01 1970 08:27:50,26.70,73.00
January 01 1970 08:27:53,26.70,73.00
January 01 1970 08:27:56,26.70,73.00
January 01 1970 08:27:59,26.70,73.00
January 01 1970 08:28:02,26.70,73.00
January 01 1970 08:28:05,26.70,73.00
January 01 1970 08:28:08,26.70,73.00
January 01 1970 08:28:11,26.70,73.00
January 01 1970 08:28:14,26.70,72.00
January 01 1970 08:28:17,26.70,72.00
January 01 1970 08:28:20,26.70,72.00
January 01 1970 08:28:23,26.70,72.00
January 01 1970 08:28:26,26.70,72.00
January 01 1970 08:28:29,26.70,72.00
January 01 1970 08:28:32,26.70,72.00
January 01 1970 08:28:35,26.70,72.00
January 01 1970 08:28:38,26.70,72.00
January 01 1970 08:28:41,26.70,72.00
January 01 1970 08:28:44,26.70,72.00
January 01 1970 08:28:47,26.70,72.00
January 01 1970 08:28:50,26.50,72.00
January 01 1970 08:28:53,26.40,73.00
January 01 1970 08:28:56,26.30,72.00
January 01 1970 08:28:59,26.30,72.00
January 01 1970 08:29:02,26.20,72.00
January 01 1970 08:29:06,26.20,72.00
January 01 1970 08:29:09,26.20,72.00
January 01 1970 08:29:12,26.20,72.00
January 01 1970 08:29:15,26.20,73.00
January 01 1970 08:29:18,26.20,73.00
January 01 1970 08:29:21,26.20,72.00
January 01 1970 08:29:24,26.20,72.00
January 01 1970 08:29:27,26.20,72.00
January 01 1970 08:29:30,26.20,72.00
January 01 1970 08:29:33,26.20,72.00
January 01 1970 08:29:36,26.20,72.00
January 01 1970 08:29:39,26.20,72.00
January 01 1970 08:29:42,26.20,72.00
January 01 1970 08:29:45,26.20,72.00
January 01 1970 08:29:48,26.20,72.00
January 01 1970 08:29:51,26.20,72.00
January 01 1970 08:29:54,26.20,72.00
January 01 1970 08:29:57,26.20,72.00
January 01 1970 08:30:00,26.20,72.00
January 01 1970 08:30:03,26.20,72.00
January 01 1970 08:30:06,26.20,72.00
January 01 1970 08:30:09,26.20,72.00
January 01 1970 08:30:12,26.20,72.00
January 01 1970 08:30:15,26.20,72.00
January 01 1970 08:30:18,26.20,72.00
January 01 1970 08:30:21,26.20,72.00
January 01 1970 08:30:24,26.20,72.00
July 13 2024 21:30:48,26.20,72.00
July 13 2024 21:30:51,26.20,73.00
July 13 2024 21:30:54,26.20,73.00
July 13 2024 21:30:57,26.20,73.00
July 13 2024 21:31:00,26.20,73.00
July 13 2024 21:31:03,26.20,73.00
July 13 2024 21:31:06,26.20,72.00
July 13 2024 21:31:09,26.20,72.00
July 13 2024 21:31:12,26.20,72.00
July 13 2024 21:31:15,26.20,72.00
July 13 2024 21:31:18,26.20,72.00
July 13 2024 21:31:21,26.20,72.00
July 13 2024 21:31:24,26.20,72.00
July 13 2024 21:31:27,26.20,72.00
July 13 2024 21:31:30,26.20,72.00
July 13 2024 21:31:33,26.20,72.00
July 13 2024 21:31:37,26.20,72.00
July 13 2024 21:31:40,26.20,72.00
July 13 2024 21:31:43,26.20,72.00
July 13 2024 21:31:46,26.20,72.00
July 13 2024 21:31:49,26.20,72.00
July 13 2024 21:31:52,26.20,72.00
July 13 2024 21:31:55,26.20,72.00
July 13 2024 21:31:58,26.20,72.00
July 13 2024 21:32:01,26.20,72.00
July 13 2024 21:32:04,26.20,72.00
July 13 2024 21:32:07,26.20,72.00
July 13 2024 21:32:10,26.20,73.00
July 13 2024 21:32:13,26.20,73.00
July 13 2024 21:32:16,26.20,73.00
July 13 2024 21:32:19,26.20,73.00
July 13 2024 21:32:22,26.20,73.00
July 13 2024 21:32:25,26.20,73.00
July 13 2024 21:32:28,26.20,73.00
July 13 2024 21:32:31,26.20,73.00
July 13 2024 21:32:34,26.20,73.00
July 13 2024 21:32:37,26.20,73.00
July 13 2024 21:32:40,26.20,73.00
July 13 2024 21:32:43,26.20,73.00
July 13 2024 21:32:46,26.20,73.00
July 13 2024 21:32:49,26.20,73.00
July 13 2024 21:32:52,26.20,73.00
July 13 2024 21:32:55,26.20,73.00
July 13 2024 21:32:58,26.20,73.00
July 13 2024 21:33:01,26.20,73.00
July 13 2024 21:33:04,26.20,73.00
July 13 2024 21:33:08,26.20,73.00
July 13 2024 21:33:11,26.20,73.00
July 13 2024 21:33:14,26.20,73.00
July 13 2024 21:33:17,26.20,73.00
July 13 2024 21:33:20,26.20,73.00
July 13 2024 21:33:23,26.20,73.00
July 13 2024 21:33:26,26.20,73.00
July 13 2024 21:33:29,26.20,73.00
July 13 2024 21:33:32,26.20,73.00
July 13 2024 21:33:35,26.20,73.00
July 13 2024 21:33:38,26.20,73.00
July 13 2024 21:33:41,26.20,73.00
July 13 2024 21:33:44,26.20,73.00
July 13 2024 21:33:47,26.20,73.00
July 13 2024 21:33:50,26.20,73.00
July 13 2024 21:33:53,26.20,73.00
July 13 2024 21:33:56,26.20,73.00
July 13 2024 21:33:59,26.20,73.00
July 13 2024 21:34:02,26.20,73.00
July 13 2024 21:34:05,26.20,73.00
July 13 2024 21:34:08,26.20,73.00
July 13 2024 21:34:11,26.20,73.00
July 13 2024 21:34:14,26.20,73.00
July 13 2024 21:34:17,26.20,73.00
July 13 2024 21:34:20,26.20,73.00
July 13 2024 21:34:23,26.20,73.00
July 13 2024 21:34:26,26.20,73.00
July 13 2024 21:34:29,26.20,73.00
July 13 2024 21:34:32,26.20,73.00
July 13 2024 21:34:35,26.20,73.00
July 13 2024 21:34:38,26.20,73.00
July 13 2024 21:34:42,26.20,73.00
July 13 2024 21:34:45,26.20,73.00
July 13 2024 21:34:48,26.20,73.00
July 13 2024 21:34:51,26.20,73.00
July 13 2024 21:34:54,26.20,73.00
July 13 2024 21:34:57,26.20,73.00
July 13 2024 21:35:00,26.20,73.00
July 13 2024 21:35:03,26.20,73.00
July 13 2024 21:35:06,26.20,73.00
July 13 2024 21:35:09,26.20,73.00
July 13 2024 21:35:12,26.20,73.00
July 13 2024 21:35:15,26.20,73.00
July 13 2024 21:35:18,26.20,73.00
July 13 2024 21:35:21,26.20,73.00
July 13 2024 21:35:24,26.20,73.00
July 13 2024 21:35:27,26.20,73.00
July 13 2024 21:35:30,26.20,73.00
July 13 2024 21:35:33,26.20,73.00
July 13 2024 21:35:36,26.20,73.00
July 13 2024 21:35:39,26.20,73.00
July 13 2024 21:35:42,26.20,73.00
July 13 2024 21:35:45,26.20,73.00
July 13 2024 21:35:48,26.20,73.00
July 13 2024 21:35:51,26.20,73.00
July 13 2024 21:35:54,26.20,73.00
July 13 2024 21:35:57,26.20,73.00
July 13 2024 21:36:00,26.20,73.00
July 13 2024 21:36:03,26.20,73.00
July 13 2024 21:36:06,26.20,73.00
July 13 2024 21:36:09,26.20,73.00
July 13 2024 21:36:13,26.20,73.00
July 13 2024 21:36:16,26.20,73.00
July 13 2024 21:36:19,26.20,73.00
July 13 2024 21:36:22,26.20,72.00
July 13 2024 21:36:25,26.20,73.00
July 13 2024 21:36:28,26.20,73.00
July 13 2024 21:36:31,26.20,73.00
July 13 2024 21:36:34,26.20,73.00
July 13 2024 21:36:37,26.20,73.00
July 13 2024 21:36:40,26.20,73.00
July 13 2024 21:36:43,26.20,73.00
July 13 2024 21:36:46,26.20,73.00
July 13 2024 21:36:49,26.20,73.00
July 13 2024 21:36:52,26.20,73.00
July 13 2024 21:36:55,26.20,73.00
July 13 2024 21:36:58,26.20,73.00
July 13 2024 21:37:01,26.20,73.00
July 13 2024 21:37:04,26.20,73.00
July 13 2024 21:37:07,26.20,73.00
July 13 2024 21:37:10,26.20,73.00
July 13 2024 21:37:13,26.20,73.00
July 13 2024 21:37:16,26.20,73.00
July 13 2024 21:37:19,26.20,73.00
July 13 2024 21:37:22,26.20,73.00
July 13 2024 21:37:25,26.20,73.00
July 13 2024 21:37:28,26.20,73.00
July 13 2024 21:37:31,26.20,73.00
July 13 2024 21:37:34,26.20,72.00
July 13 2024 21:37:37,26.20,72.00
July 13 2024 21:37:40,26.20,72.00
July 13 2024 21:37:44,26.20,72.00
July 13 2024 21:37:47,26.20,72.00
